ACN,incident_year,label_unstable,text_main,env_flight_conditions,env_light,env_month,env_season,env_ceiling_bucket,env_visibility_bucket,env_has_turbulence,env_has_windshear,env_has_rain,env_has_icing,env_has_cloudy,env_has_fog,env_has_haze_smoke,env_has_thunderstorm,env_has_snow,env_any_adverse_weather
1607168,2019,0,I was the flying pilot and [the] First Officer was Pilot Monitoring; landing Runway 28L in SFO. Wind approximately 010/20 G30 kts. VFR conditions; cleared for a visual approach. At approximately 1000 FT on approach a 737 passed us on our right landing 28R. At approximately 30 - 50 FT above threshold the right wing started to come up. I responded with right aileron to counteract the roll. It took full right input to stop the rising right wing. The right wing finally started to lower and I neutralized the control and added back pressure as the aircraft was losing lift. The aircraft had a firm touchdown. I feel like the crosswind and the wake turbulence from the 737 contributed to the event. Although I was on or very close to approach speed; the aircraft was at too low an energy state to counteract the above forces. I felt minimal control authority the final 2-3 seconds of flight until touchdown.,VMC,Missing,Month_01,Winter,Missing,Missing,No,No,No,No,No,No,No,No,No,No
1607279,2019,0,The student was conducting his first night cross-country. We flew to ZZZ and conducted a normal landing. The landing was smooth and on centerline with no side loading. Upon landing we conducted our rollout and applied full power and were able to depart from ZZZ. On the way back; the student did a practice diversion into ZZZ1. We entered the pattern and planned to conduct a full-stop taxi back on Runway XX. Student conducted an excellent landing; smooth and on centerline; and no excessive braking. On the rollout; student began to drift aircraft towards the left and seemed to have trouble maintain centerline. I called out 'my controls' and took control of the aircraft to get back on centerline. I began to apply right rudder and was unable to correct for the drift and regain centerline. I realized that we would be unable to correct; so I made the decision to get the aircraft off the runway in case any aircraft may try to land. I placed the aircraft just passed the numbers (1) in the grass. At that point; I asked the student to look and see if there is any problem on his main gear. He said yes and the tire is flat; I added power and full right rudder to attempt to get back on the runway. I was unable and knew the problem was not a flat tire. We shut down the aircraft and I inspected the tire. I found the tire was displaced from the wheel well. Upon determining that there was no immediate solution I called Dispatch for assistance.In the future; I will check the tires before each landing in order to ensure they are in place and not flat. I will continue to land softly and ensure no unnecessary or unequal braking is applied during landing.,Missing,Missing,Month_01,Winter,Missing,Missing,No,No,No,No,No,No,No,No,No,No
1607313,2019,0,I was operating the banner tow aircraft within the northwest corner of the airport at 400 feet. This is what we call the banner box and we stay in this area to maintain separation from the airport traffic pattern which is at 800 feet. The airport was in east operations; winds from the east; below 10 knots.It was my 2nd flight in [this type of aircraft]; the first flight was done 2 weeks prior to this report. I was not completely comfortable with flying the aircraft yet.After flying within the banner box for approximately 30 min (no banners were used during this practice flight); I requested to join the traffic pattern to practice stop-and-go's. The tower cleared me to join the downwind leg for runway XXL. At that moment I was abeam the numbers of XXL; flying parallel to runway XXL on the north side. I begin my climb to 800 MSL and turn into the downwind leg which should have involved two 90 degree turns to the left. Instead; due to a lack of situational awareness; I make a 90 degree turn left; then a 90 degree turn to the right; as to join the downwind for runway XYR; which was not in use. I think that it should be noted that during my first flight in the aircraft; runway XYR was in use and I had been chair flying the night before picturing the airport in west operations.Now on the downwind for XYR; I see an aircraft at 12 o'clock beginning his downwind turn from crosswind (to face me head on); 400 feet below me. Immediately I begin a steep turn 180 degrees to the right; realizing that I had been flying the pattern in the reverse direction. At this point tower contacted me and asked if I understood what the downwind leg was. The aircraft that was mentioned turning downwind is now at my 2 o'clock; same altitude.Tower clears me for a stop-and-go on runway XXL; and I comply. This is a mistake; as I should have requested to terminate my flight at this point. I continue to make 2 laps of the traffic pattern. On the 3rd lap of the traffic pattern; I am on downwind; tower clears me to make a stop-and-go; number 4 for XXL; following a Piper Cherokee. I see traffic on short final and I see a PA-28 abeam me on final. I do not spot any other traffic behind this PA-28. Despite not finding the 3rd aircraft; I decide to make the terrible decision and conclude that he is the Cherokee mentioned by tower; and I begin my base turn to fly behind this PA-28. On the base leg; I again check for traffic on final and do not spot anybody in trail of this PA-28.I am on final when an aircraft reports that I have cut in front of them. Tower tells me that the PA-28 I am following is a Piper Arrow; and that I did not follow his instructions and promptly vectors me northbound. I do not know how close the Cherokee behind me got. No evasive maneuvers had to be taken by any of the planes.At this point I am told to make a full stop landing by tower and I comply. ATC never gave me a number to contact; although I definitely feel like I should have been given one.After securing the aircraft; my instructor (who was monitoring on the ground) and I decide to call the tower and apologize. We then went over my lack situational awareness which was the major factor that fueled the events that occurred during the flight.,VMC,Daylight,Month_01,Winter,Missing,6_to_10,No,No,No,No,No,No,No,No,No,No
1607322,2019,0,VMC Visual approach into ZZZ. I was Non-flying Pilot. PIC was on stable approach; fully configured on VASI [Visual Approach Slope Indicator] to Runway XX. Landed at ref speed in touchdown zone. Runway bare and dry. OAT -20C. No wind. After touchdown on centerline; aircraft veered hard right. Captain corrected immediately and it veered hard left departing runway at approximately 60 knots. Nose gear contacted a runway sign after departure from paved surface. After stopping; taxied back onto runway and to ramp without further issue. No eye witnesses and no other traffic in the area.,VMC,Dawn,Month_01,Winter,Missing,Missing,No,No,No,No,No,No,No,No,No,No
1607344,2019,0,After landing on Runway XX on speed and centerline and slowing at brake application aircraft veered right while trying to correct; aircraft veered to left and departed runway surface on to packed snow. During exit; clipped taxiway sign. After taxiing to ramp there is no visible damage to aircraft. There are no other persons involved or anyone who witnessed the incident.,VMC,Missing,Month_01,Winter,Missing,6_to_10,No,No,No,No,No,No,No,No,No,No
1607408,2019,0,On a night approach to ILS XX ZZZ; we requested and were being vectored for an ILS to Runway XX. We were just northeast of the ZZZZZ fix on the ILS on a modified left base; on vectors. We were level at 6000 feet with the autopilot on. We were at 210 knots; Flaps 1 and slowing to 190 knots. We were receiving delaying vectors due to traffic inbound for Runway XY and our procedure to only use Runway XX at night. We received a Terrain Warning and executed the proper procedure for 'Terrain; Terrain'. During the procedure (I was flying) the First Officer notified ATC that we were responding to a Terrain Warning. We then received clearance to level at 8000 feet; which we did. (We only received one warning). We then received another vector to intercept the ILS and a clearance for the approach. We executed a normal approach and landing after that to Runway XX. ATC asked us to contact them on arrival. I called ATC (ZZZ Tracon) and spoke with the Tracon Supervisor who was also on duty vectoring us. He said that they had looked this over and that we were inside the 6000 foot MVA [Minimum Vectoring Altitude] corridor and that the nearest obstacle was 11 miles away at 5500 feet.,VMC,Missing,Month_01,Winter,Missing,Missing,No,No,No,No,No,No,No,No,No,No
1607411,2019,0,I was the Captain on Flight XXX to ZZZ. Flight was uneventful until final approach into ZZZ. During the ILS approach to [Runway] ZZC; as we lowered the landing gear; we heard what sounded like two small explosion/bangs in the back of the aircraft. The first EICAS message we noticed was a GEAR DISAGREE. The right main gear and the nose gear showed green down and locked while the left main gear did not. We coordinated with ZZZ Approach Control and went around from the approach. Shortly thereafter; the EICAS L HYD QTY light came on and we verified a loss of all left hydraulic quantity and then a L HYD Pressure EICAS appeared. I was flying the aircraft. There was a considerable amount of vibration so I elected to keep flying the aircraft while the First Officer started running the checklist for the unsafe gear indication to include an alternate gear extension followed by the hydraulic quantity and pressure indications. We quickly talked to the flight attendants and gave them the info in the TEST communication procedures. I told them to prep for evacuation as I did not know the status of the left main landing gear combined with the vibration and very loud explosive noise during the gear extension. A short message was sent to Dispatch and we requested Tower to notify the Company. ZZZ Tower asked if we wanted to flyby down the runway to see if either they or another aircraft on the ground could see if the left gear was extended or not. I gave an initial PA to the passengers and told them we were working on an issue and going to do an approach by the runway to allow the Tower and other aircraft to tell us what they see. We accomplished that and the aircraft on the ground said it appeared that the gear was extended. We did not change our configuration at all during the go-around or subsequent approaches. (Gear down and flaps 20). One of the checklists (Gear Disagree) said to land with flaps 30 and the other L HYD said flaps 20. We stayed at flaps 20. Landing distance was not an issue. After the second go-around we asked for a short approach as fuel was becoming a concern. We talked to the flight attendants again and told them we were going in for our approach and landing. I made one more PA to the passengers. The Tower had the fire trucks in place. The left main landing gear down and locked green light remained off throughout the landing. We landed on [Runway] XXC and stopped straight ahead on the runway. We kept the passengers in their seats. The landing and rollout was fairly smooth which made me think the tires blew well before landing. Two of the four main tires on the left truck were blown with the other two intact. The Fire Department contacted us directly on the radio. They remarked that there was significant amount of hydraulic fluid near the left gear. Once they cleared the airplane; Operations sent buses to the aircraft and the passengers disembarked. All passengers were fine with no injuries to passengers or crew.Initial inspection by Maintenance stated that a hydraulic actuator piston failed under pressure and may have sent metal into two of the tires as they were leaving the wheel well creating the two loud bangs.The entire crew attended the flight attendants debriefing in the inflight conference room at ZZZ. The flight attendants did an outstanding job throughout. Their professionalism was apparent throughout the event and greatly helped the passengers to remain calm and attentive.,IMC,Missing,Month_01,Winter,Missing,Missing,No,No,No,No,No,No,No,No,No,No
1607500,2019,0,I was the Pilot Monitoring on this leg. Upon the arrival into the terminal area; Bangor Approach was giving us radar vectors for the ILS 33 approach. We were eventually told turn to a heading of 360 and to maintain 2500 feet until establish [and] cleared for the ILS 33 approach. At the time; we were in between CUVOT and ELSUH still on the assigned heading when we received a 'terrain terrain; pull up' with a ground proximity caution message on the PFD. The captain proceeded with a go-around procedure. I contacted ATC and we were given a heading and altitude to fly. We then performed all necessary procedures to come back around and land safely. We asked ATC what the possible cause of the alert was and he then advised us that his minimum vectoring altitude was 2100 feet in the area (we were at 2500) and that he has seen it happen before to aircraft due to a hill between CUVOT and ELSUH. Escape maneuver followed by an uneventful landing and arrival to the gate. Request to join the localizer at a higher altitude in IMC conditions,IMC,Daylight,Month_01,Winter,Missing,Missing,No,No,No,No,No,No,No,No,No,No
1607543,2019,0,With the Captain as Pilot Flying (PF) and on heading 090 at 4000 ft we were cleared to turn heading 030 and join the 36L LOC. In the turn to intercept the LOC the PF airspeed and altitude tapes began to increase rapidly. This caused the autopilot to disengage; the Auto Throttle to disengage; the L and R ENG EEC to indicate off; the TERRAIN SYS OVRD to FAIL and the L transponder to fail. In addition; there were comparator indications on the PFD and the overspeed warning sounded. The altitude and airspeed tapes did not freeze or slowly indicate a difference. It was rapid and continuous. The comparator indications were present but due to the complexity of the situation I do not recall each comparator that was displayed. Once all the above occurred while in the turn the PF did his best to quickly cross check and determine which flight instruments were providing good information and which were providing bad information. We were able to determine the right avionics and standby avionics information was good and the left air data information was bad. This was all occurring while hand flying and trying to maintain the LOC course and assigned altitude. Due to the loss of the left transponder ATC approach was not receiving an altitude input from us and asked to verify altitude. The Captain as PF when the failure occurred transferred controls to the First Officer once the airplane was stable and the determination was made that the First Officer (FO) avionics information was accurate. The First Officer became the PF and the Captain became the Pilot Monitoring (PM). The Captain assumed radio communication and advised ATC that we have an avionics malfunction. The PM then reported to ATC our current altitude and deviation from the LOC as we worked to center the LOC guidance. With the airplane stable at 4000 ft and on the 36L LOC the PM told ATC that we would like a vector away from the immediate airport area to reference our checklist and would like to stay within 20 miles of the airport. Due to the busyness of [the situation] the PM requested that ATC provide holding type vectors and that we could not accept a holding pattern. This was to prevent either pilot from being heads down setting up the FMS. Once on a heading out of the immediate approach traffic area and stable at 4000 ft the PM referenced the QRH. There were approximately 5 Amber CAS messages displayed associated with the failures. The L ENG EEC and R ENG EEC messages were referenced in the QRH. This guidance did not apply to the root of the problem based on the air data system failures and we discussed that we should focus on the Airspeed Unreliable checklist. We followed the Airspeed Unreliable non-normal QRH procedure. The PM completed the checklist and the PF monitored the airplane. Following the checklist guidance; we reengaged the autopilot to help with workload management. Once the checklist was complete and we were holding on the deferred items the PM (Captain) brought to the PF's attention that as an additional tool we could radio Dispatch and have them communicate with Maintenance to determine if there were any further actions we could take with their guidance. At the time we had approximately 13;000 lbs of gas and both agreed we had time to get additional guidance. The PF took over ATC communications and the PM communicated with Dispatch. We contacted Dispatch and relayed all our indications to them and they communicated with Maintenance. Maintenance's response was they felt the L ADC was bad and to use the R ADC information; just as the checklist guidance provided. After finishing communication with Dispatch the PM summarized our situation and asked if the PF had any input or questions prior to continuing. We both agreed we were on the 'same page' and setup and briefed the approach. We advised ATC we were ready for the approach and told them we would like to join the ILS 36L outside of ZZZZZ1 at 4;000 ft. ATC provided vectors and then switched us to final Approach Controller. On the approach frequency the controller changed our landing runway to 36C. The PM setup the XXC ILS and briefed the PF on the changes. We joined the LOC XXC approximately 10-15 miles outside of ZZZZZ at 4;000 ft. I told the Approach Controller we would be in a non-normal approach configuration and our airspeed would be higher than normal. I also told the controller not to put anyone in front of us to reduce the likeliness of a go-around. On the final approach course the Approach Controller asked us to slow twice and to descend. The first airspeed reduction was not an issue and we slowed. He asked us to descend to 3;000 ft and I told him we would like to stay at 4;000 ft and follow the GS guidance down on the approach. He approved this and then asked us to slow again. I told him 'you are not making this easy; we are [a priority] aircraft'. I told him this because we were [a priority] aircraft and our plans were to be stable and configured on the ILS no later than 10 miles out to reduce our possibilities of becoming unstable on the approach. We continued the ILS XXC Approach with the FO as PF and the Captain as PM. The approach and landing were normal. Per our plan and brief; the PF (FO) brought the airplane to a stop on the runway and then transferred the controls to the Captain to taxi. Once clear of Runway XXC we cancelled the emergency and taxied to the gate. Unreliable Airspeed due to ADC failure,IMC,Missing,Month_01,Winter,Missing,Missing,No,No,No,No,No,No,No,No,No,No
1607628,2019,0,We were accomplishing some pattern work; and did 6 touch and goes.  On the final landing; after landing; the aircraft went into an uncontrollable left-hand skid/veer - pointing the aircraft toward an area of construction consisting of an approximate 10 ft drop-off.  My instructor took control of the situation; preventing a prop strike; and/or a potentially harmful situation.  Safely landing the aircraft on the other side of the construction area after going past the drop-off.  No one was injured in the event. Initially; the aircraft received a damaged nose-wheel pant and was able to be towed to its hangar for inspection.  Due to the limited damage; this was deemed an incident by the instructor and not an accident; no substantial damage was caused to the airplane.,Marginal,Daylight,Month_01,Winter,Low,6_to_10,No,No,No,No,No,No,No,No,No,No
1607637,2019,0,My student and I were practicing the Localizer DME RWY XX Approach into ZZZ. I had made 3 position reports on the CTAF frequency notifying airport traffic of our position on the approach; and what our intentions were. The winds were favoring Runway XY and that's what runway was in use at the time. I had planned to do a low approach over the top at circling approach minimum which [was] 1260 ft; and then enter the downwind for Runway XY; and I made that clear over the CTAF. The goal was to practice circling to land off an approach with my instrument student. A Piper Seminole had just departed the runway and I had that traffic in sight; and I was aware there was another aircraft that was behind the Seminole on final. Believing I had enough time; I had my student take off the hood; at which point the aircraft was under my control. As we passed over the top of the field in preparation to circle; I realized that there was only about 400 feet between me and the other aircraft which had been behind the Seminole (as noted via the Traffic information Service and visual observation). Rather than continue; my student and I departed the pattern and re-entered on the 45 for Runway XY without incident. ZZZ is among the top 4 busiest airports within the state; but is un-towered. The field is currently attempting to fund a control tower; which many people believe is much needed and critical to maintaining the safety at the airport. However; in order to prevent future occurrences; and until a tower is implemented; breaking off approaches and re-entering on the 45 when there are multiple aircraft in the pattern is probably safest.,VMC,Daylight,Month_01,Winter,Clear,6_to_10,No,No,No,No,No,No,No,No,No,No
1607646,2019,0,I had been acting as Safety Pilot for an IFR training flight for a friend. The flight was uneventful. Once we got back to Oakland; we decided to do a couple stop and goes for currency. We had each done one landing on [Runway] 28R; when the controller asked us to switch to left close traffic for [Runway] 28L. We complied; and flew the published 600 ft pattern. On downwind; the controller cleared us for the option of [Runway] 28L; and the Pilot Flying read it back and requested a short approach. The controller approved the short approach; and the Pilot Flying read back the approval. Abeam the numbers; we began our short approach for a practice engine out 180 maneuver. On very short final; I noticed a jet cross the [Runway] 28L hold bar and proceed onto the runway. I alerted the Pilot Flying; and he executed a go-around. He then informed the controller that the ground traffic had not passed. I don't not believe a collision was imminent; as our approach was slightly high and we probably would have gone over the jet. However; if we had landed there would have been two planes on the same runway. What's especially troubling is that if we had been lower we almost certainly would have collided on the runway if we had not been able to see the jet. This seems like it was a simple miscommunication between tower and ground controllers; or the tower simply misjudged how long it would take us to execute a short approach. Either way; it was way too close for comfort; and I feel like it should be brought to someone's attention.,VMC,Dusk,Month_01,Winter,High,6_to_10,No,No,No,No,No,No,Yes,No,No,Yes
1607672,2019,0,Aircraft X was on approach talking to Tower. Tower called requesting control of Aircraft X so he could clear him for the visual approach. Aircraft X was cleared for the visual approach. Aircraft Y was several miles behind Aircraft X and reported the runway in sight; and was cleared for the visual approach. The spacing looked good so Aircraft Y was then shipped to Tower. Tower called moments later to inform me that both aircraft were going around due to wind shear and they were now requesting the opposite direction runway. I believe my mistake in this moment was that as a Radar Controller; I should have given Tower altitudes and headings to give to both aircraft before shipping them to me. At the very least; I should have inquired about what both aircraft would be doing when they came to me. Aircraft X checked in first requesting an ILS approach. He was in a climb through 3;800 feet in a 3;300 feet minimum vectoring altitude (MVA) and appeared to be runway heading so I assumed he had missed approach instructions. Shortly after; he leveled off at 4;000 feet. When I saw this; I immediately issued a climb to 7;000 feet but by then he entered a 4;200 foot MVA at 4;000 feet. Additionally; his response was asking me for a heading. I vectored him out for an ILS approach. Aircraft Y checked on at 3;800 feet in a 5;000 feet MVA. I did not issue him a climb or heading. I asked if he still had the runway in sight and wanted to do a visual approach. He said yes to both questions so I cleared him for the visual approach and shipped him to Tower. The Tower could have kept both aircraft on their frequency and worked them in the pattern since both aircraft have the runway in sight. He could have just changed them to the opposite direction runway. If that was not an option; then I should have given altitudes and headings for him to give the aircraft prior to them being returned to my frequency. We need standard missed approach instructions for visual approaches at for both runways.,VMC,Daylight,Month_01,Winter,Missing,No Numeric Visibility,No,Yes,No,No,No,No,No,No,No,Yes
1607708,2019,0,I was observing a UOE (Upgrade Operating Experience) flight as a Check Airman in lieu off FAA in the jumpseat. Approaching ZZZZZ on the RNAV Arrival; the flight was switched to Approach. The crew was expecting ILS Runway XXR PRM and had previously briefed it. The crew was experiencing turbulence and was maintaining 280 knots at ATC's request for spacing. The next Controller told the crew to expect ILS Runway XYL. I can't remember if he said PRM; but the crew prepared for the PRM to XYL. When the crew received the new instructions; I would guess we were approximately 7 miles from ZZZZZ. Somewhere in there; the crew was told to slow to 210 knots. The upgrading Captain programmed the FMC while the Check Airman retrieved the [performance] numbers and requested the new ATIS. I was selecting the appropriate STAR page and the new Approach page on my EFB while the Captain was programming. The RNAV Arrival is contained on two separate STAR pages in the Jepp FD-Pro app depending on the runway for approach. I encourage whoever is reading this look at the ATL STAR menu and see what a challenge this can be when task loaded. The RNAV Arrival on page 10-2B2 is for Runways XZL/R; XAL/R/ XB; XXL; XYL. The RNAV Arrival on page 10-2B3 is for Runways XXR; XYR; XC. ZZZZZ is a branch point from which the transitions to the three different runways occur. When the Upgrading Captain selected the LEGS page for review; there were two discontinuities. He rectified one of them. There was also one between ZZZZZ1 and ZZZZZ2. The waypoint ZZZZZ3 was missing. While this was happening; the crew was cleared to descend via the RNAV and cleared for the ILS Runway XXL. The upgrading Captain elected to back out and start over and reprogrammed the arrival transition; and the approach; verified the route on the LEGS page with the Check Airman and executed. Immediately after that; the crew began dealing with an energy management problem as the MCP [Mode Control Panel] Altitude was set at 9;000 feet from the previous clearance. The upgrading Captain set 6;000 feet in the MCP; full speed brakes and flaps 1 and LVL CHNG to slow the aircraft. Then he accomplished a quick; but effective brief of the ILS PRM Runway XYL. As the crew discussed setting a new altitude in the MCP; Approach Control told them to fly heading 180 and that they were off course. The Approach Controller had to say it twice as the initial transmission was stepped on by another aircraft. The crew acknowledged and turned. The crew was subsequently cleared to intercept the localizer from a new heading. The remainder of the approach was uneventful. Upon landing the crew was told to call ATC for a possible violation. Somehow the point ZZZZZ4 had dropped out of the programming. At ZZZZZ; the aircraft started a turn direct to waypoint ZZZZ1. This was not noticed by either of the crew or me. I don't know how or why this happened. While he was programming the second time he; at one point; had the appropriate STAR transition programmed and executed. He had an accurate route from ZZZZZ to ZZZZZ4 to ZZZZ1 executed in FMC. As the aircraft approached ZZZZZ; the upgrading Captain had to close the discontinuity that existed between ZZZZ1 (last point on the Arrival) and ZZZZ1 on the approach. I think it is possible and likely that the LEGS sequenced as we overflew ZZZZZ while he was correcting the discontinuity causing the error. The aircraft turned to right at ZZZZZ giving the sense that it was going as planned; but going to ZZZZ1 instead of ZZZZZ4. The bottom line is the crew should have not accepted the approach and requested vectors. As the Observer; I could have suggested it. The new clearance was given fairly close to the branch point giving little time to program. The crew was doing their best to accommodate ATC and the fact that the Captain was on an upgrade probably influenced him to try and make it happen. The crew was task loaded with having to brief a new approach which included PRM. This added to the problem as both crew Members were doing separate tasks. A new ATIS and [performance data] added to the task loading. A confusing STAR with separate pages for different Runways added to the task loading. Turbulence and the status of the flight attendants was an additive condition. For my part; I assisted verbally while they were programming and clarified an ATC call while they were turning to localizer but never considered intervening as the crew was on top of things after the initial programming error.,Mixed,Daylight,Month_01,Winter,Low,6_to_10,No,No,No,No,No,No,No,No,No,No
1607756,2019,1,Prior to arriving for duty; I attempted to take a nap in the evening. I slept for a couple of hours; but could not sleep more than that. I felt fine when arriving for duty. I was coming off of [several] days off. I was the pilot monitoring and the First Officer was the pilot flying. Weather was extremely clear and daylight. Light tailwind at altitude. Very light airplane with 10K fuel and empty cans. We were both extremely tired; and communication was degraded between us due to a loud cockpit and mixed headset use (I was using an ANR headset and the FO (First Officer) was using [an ear plug style headset] with the left plug out of his ear so he could hear me). As it turns out; this is not a good CRM setup and communication was compromised between us. I didn't realized the FO was struggling to hear me throughout the flight until we discussed it on the ground.ATC kept us very high before clearing a descent to intercept the ILS XXL about 5 miles from ZZZ. I mentioned to the First Officer that it was going to be difficult to shoot the approach due to this. We were slightly high and fast just outside ZZZ and I suggested we needed to drop the gear and slow down to get stabilized. We were still 10 to 15 knots fast as we approached ZZZZZ; but on glideslope and it looked like we would be on speed at 500 AGL. I suggested we may need to do a go-around. I thought the FO acknowledged; but after the fact he told me he wasn't sure if I was commanding a go-around and was thinking I was waiting to see the results of a continued approach. On our previous leg we discussed going around and the shared belief that a go-around at altitude should be a slow paced methodical event. The autopilot should be engaged and both crewmembers on the same page. I honestly thought that's where we were headed. I made a mistake at that time by not being very specific and commanding a go around. We were on speed and stable at 500 AGL and it was a normal landing. However; I felt we were at the limits of FOM compliance and I don't like to be in that situation.We talked about it in the parking lot and we both realized we were very tired and the FO felt he was behind. We both decided if we could do it again we should have executed a go-around to eliminate any potential for problems. Being kept high in a light airplane is always a challenge; but add fatigue and degraded CRM due to communication difficulties to the mix and the task saturation is very high. As a suggestion; it would be extremely helpful if [we] had hot mics. The enhancement to communication would be a dramatic improvement and a real safety addition.,VMC,Daylight,Month_01,Winter,Medium,0_to_5,No,No,No,No,No,No,No,No,No,No
1607798,2019,0,I was the pilot monitoring. We were leveling at four thousand feet and about 12-15 miles out on the ILS XXR. I was in green needles. ATC assigned a speed reduction of 210 to 170 knots and had cleared us for the visual approach. The pilot flying had the autopilot engaged. The aircraft suddenly began a descent and increased speed. I called for the pilot flying to stop descent. I felt automation was incorrect and stated 'my aircraft' and disconnected the autopilot and corrected for 300-400 foot altitude loss. At this point I transferred controls back to the original pilot flying and re-engaged the autopilot. Moments later the aircraft started a descent. Again I called 'my aircraft' disconnected autopilot and corrected back onto the glideslope and speed correction to 170 knots. ATC had advised us for a 2nd or 3rd time they needed speed of 170. We were at 170 knots at his last request; but speed management was not my first priority when detecting and correcting for the unexpected descent. After stabilizing the aircraft I noted the original pilot flying side altimeter read 31.22 and it was determined that the original pilot flying was turning the baro knob instead of the NAV select knob when transferring to green needles. In doing so; the aircraft thought we were higher and needed to descend to 4000 feet. There were no traffic conflicts and we were cleared on a visual approach.The pilot flying had the correct altimeter settings prior to the approach. The baro knob was inadvertently turned instead of the nav select knob. The location and size of the knobs are similar with the baro knob located just below. The only indication we had which was at the initiation of descent was an altitude chord sound which still took a moment to detect and react to the aircraft descending. Perhaps a message anytime there is a discrepancy between the altimeter settings set on the PFDs to caution the pilots.,VMC,Dusk,Month_01,Winter,Missing,Missing,No,No,No,No,No,No,No,No,No,No
1607850,2019,1,We were cleared to 6000 feet [on the] Visual; routing only XXL. We were then told the ILS just went out to expect a visual approach. At ZZZZZ were told to contact tower; which we thought was a bit early but headed over there anyway. The frequency was very congested and took several minutes for a break in transmissions for us to check-in. Tower asked if we were told to contact them. We responded 'yes; approach told us to contact tower'. Tower responded with 'ah; ok; cleared to land'. It seemed as though approach control sent us to tower early and tower was surprised we were there. We were very high so I disconnected the autopilot and slowed to configure the aircraft. The descent rate required was going to be steeper than normal but I still felt we would be stable by 1000 feet. In the descent; tower cleared a heavy 777 onto XXL and instructed them to line up and wait. They then told us to slow to final approach speed. We fully configured and slowed to final speed. At this point tower cleared the heavy 777 for takeoff and issued us a wake turbulence advisory. We were on speed and configured at 1000 feet; however; I believe our descent rate went above 1000 fpm momentarily. As I considered going around the 777 was rotating and we were very close in trail. I felt a go around into his wake would cause a serious threat due to our close proximity. I elected to continue to land. As we crossed the threshold we encountered the heavy 777's jet blast. A normal landing was made within the touchdown zone; but we did receive a 'don't sink' aural message.I believe the initial cause was that ATC forgot to forward the handoff to tower or they might have even missed sending us to another approach controller which left us very high. The close spacing to the departing heavy 777 and subsequent jet blast encounter contributed to the 'don't sink' aural message. Knowing what we do now; we should have turned down tower's clearance to land from the higher altitude and gotten sequenced back in line. Once we got in so close to the landing runway; I chose to land rather than fly into the wake turbulence of a departing heavy 777 during the go around maneuver; which we were within 2 miles in trail at a very low altitude. ATC's poor communication during the handoff was an additional factor that should not have happened.,VMC,Daylight,Month_01,Winter,Missing,Missing,No,No,No,No,No,No,No,No,No,No
1607852,2019,1,Flying straight into the sun; Non-flying Pilot called airport in sight and [we were] cleared for a visual approach. Flying Pilot did not have visual on runway. Approach became slightly high and configured late. Approach was stable and configured at the 500 foot call and landing was made without incident.The sun in the eyes was the main cause; in addition poor communication of the Non-flying Pilot with the flying pilot. If the sun is going to be a blinding factor in the approach; shoot the approach as a typical IMC approach ie ILS or GPS. Brief the Non-flying Pilot not to call visual in sight until both pilots have a visual on the airport.,VMC,Daylight,Month_01,Winter,Missing,Missing,No,No,No,No,No,No,No,No,No,No
1607869,2019,1,While downwind on approach to XXL; GPS failed and Approach reported that radio was garbled and scratchy; after I called and reported loss of my primary navigational aids. I continued turning my #2 radio then the GPS (Garmin 430) came back on line. As I started the approach needles swayed back and forth then settled down. Glide slope needle centered on glide path and after a few a few seconds needle and aircraft nosed down violently at 3000 fpm. I grabbed the controls and abandoned the approach. Approach asked if I needed assistance. I stated that I had navigational problems but wanted to try again. During 2nd approach I slowed aircraft too early from 170kts as requested; because needles were less erratic; but trailing traffic was closing on me and tower told me to abandon the approach. On 3rd attempt I flew the approach manually and maintained centerline averaging the heading because localizer needle and flight director swayed left and right.,Marginal,Missing,Month_01,Winter,Very Low,No Numeric Visibility,No,No,Yes,No,No,No,No,No,No,Yes
1607889,2019,0,We had planned and briefed to land on Runway 16L with the ILS approach. When we switched frequency from Center to Approach; Approach Control told us we were landing on Runway 17R via the RNAV (RNP) Z RWY 17R. I switched the approach on the FMC to the RNAV (RNP) Z RWY 17R and my Captain verified it. However; I did not go back to the legs page to verify that all the legs were sequenced correctly. That was my mistake. After passing STAAM intersection we noticed that the aircraft wasn't turning. At that time my Captain had me disengage the autopilot and I began to turn towards the course. At the same time ATC radioed and queried about our heading. We told them we were in the turn and they asked if we had the airport in sight to which we replied affirmative and ATC cleared us for the visual approach. We continued to the airport and landed.,VMC,Missing,Month_01,Winter,Missing,Missing,No,No,No,No,No,No,No,No,No,No
1607965,2019,0,While on a visual approach into UNV Runway 24; we received a EGWPS warning instructing the flight crew to take evasive action. The EGWPS warning sounded and instructed us to 'pull up'. The conditions were VFR and we had clear visual contact with the terrain. I started a stabilized descent after I passed the last ridge line to join the final approach course. We appeared to be past the ridge and had over 1;000 ft clearance with the terrain. I immediately performed the EGWPS escape maneuver and the aural alert ceased. We proceeded with the visual approach and landed with no issue. I have flown into UNV numerous times in the [other similarly sized aircraft] and have never had this issue. ATC vectored us in a little tighter than normal and I guess the ridge is a little higher in that vicinity which triggered the alert. In the future I will request a wider vector and delay my descent from the MVA until the aircraft is completely clear of the ridge and established on the final approach course. I also should've been monitoring the 'Terrain' page on my MFD. I typically do this; but realized I wasn't; after the fact; during this event.,VMC,Daylight,Month_01,Winter,Missing,Missing,No,No,No,No,No,No,No,No,No,No
1608057,2019,0,Established on the RNAV 10L approach. On speed on altitude for crossing. At/over XATTU final approach fix at 1800 ft received GPWS TERRAIN WARNING. Disconnected autopilot and corrected as in day VMC conditions. Landed uneventfully.,VMC,Daylight,Month_01,Winter,Missing,Missing,No,No,No,No,No,No,No,No,No,No
1608252,2019,0,[I was a solo student pilot] flying Cessna 172 to ZZZ utilizing VFR flight following and on-board GPS while in-route. I visually identified what I thought to be ZZZ to ATC approach whereupon VFR flight following was cancelled approximately 8 NM from the airfield. Fixated on the field in view; I announced my intentions to ZZZ UNICOM and proceeded to land on what I would later realize was ZZZ1 Runway XX. Once on the ground and clear of the runway and taxiway; I was met by a vehicle carrying a concerned man; who prompted me to call ATC; at which point I realized I was at the wrong airport. ATC explained to me the reality that I had just landed on an active; controlled runway without any clearance whatsoever. I then gave ATC all information asked for and explained that I was a solo; student pilot; and that the snow-covered ground and approach directly into the rising sun; inhibited my ability to acknowledge airport ZZZ. After complying with ATC; I proceeded to properly depart ZZZ1 and safely land at ZZZ; which lies approximately 5 NM to the NW. This event was corrected and will be avoided in the future by further flight planning including examining satellite images of unfamiliar regions and destinations.,VMC,Dawn,Month_01,Winter,High,11_plus,No,No,No,No,No,No,No,No,Yes,Yes
1608282,2019,0,We were being vectored into FTY off of the WRGNZ Arrival.  We were vectored after passing SKYME and had passed PDK; and had been informed we were number 2 and climb back up to 4;000.  We had been vectored away from FTY.  I informed Approach I had FTY in sight.  I did not back up my sighting of the airport with all of the instruments I had in the aircraft.  I remember thinking how it was severe VRF and I needed to keep my eyes looking for other aircraft.  I had the RNAV 26 procedure in the GPS and had quit looking at it once I identified the (wrong airport) airport.  I was cleared to land and lined up with MGE Runway 29.  There was a strong crosswind and was not alarmed by the divergence in heading.  We were informed we probably did not want to continue the landing because we were lined up with KMGE.  Upon making the turn toward FTY I got my first look at the magenta line going into FTY and the last time I had reset the direct to into FTY.  I was sickened and amazed.  I failed in too many ways.  I will always use all of the instruments and pay better attention to the airports that are close so I don't make the mistake again.  It would have been so easy to have sequenced the Route to FTY once they routed me away from FTY.  There is no excuse for not sequencing the GPS to FTY and backing up what I thought I was seeing.  Once I identified FTY visually the navigation sequence of flight was complete in my mind.  I will not make this mistake again.,VMC,Daylight,Month_01,Winter,Missing,Missing,No,No,No,No,No,No,No,No,No,No
1608317,2019,0,I was off position but in the Tower cab and I noticed an unsafe opposite direction situation occur with multiple arrivals to our crossing runway.One aircraft; [Aircraft X]; was brought in for an approach to RWY 21. At the same time; two aircraft were brought in for a RWY 03 approach [Aircraft Y and Aircraft Z]. Neither aircraft to RWY 03 were APREQ [Approval Request] with the Tower which is in violation of the locally coordinated procedures at the time. The second aircraft inbound to RWY 03; Aircraft Y; was also less than a mile away from the first aircraft [Aircraft X] to RWY 03; and did not have the first aircraft in sight. When the aircraft to RWY 21 touched down; both arrivals to RWY 03 were well inside our local cutoffs for opposite direction operations. There was no contingency plan put in place by Approach Control if the RWY 21 arrival went around.Operations to our crosswind runway should be coordinated by the Approach Control before aircraft are brought in for the approach.Opposite direction operations need to be better defined in the LOA.,Missing,Missing,Month_01,Winter,Missing,Missing,No,No,No,No,No,No,No,No,No,No
1608350,2019,0,On approach to Runway XX at ZZZ at 6;000 feet; it was our last flight of the night and we were working on about at a 10 hour duty day. We had been in the same aircraft all day with ACARS MELed. The [weight and balance system] worked through the WiFi for the most part; but it seemed to be spotty at times. The clearance was for us to descend to 4;000 feet and to slow to 190 knots. As we slowed; I called for flaps 2 in order to expedite the descent; as it appeared we were next for the approach and had just passed abeam the field. We received a clearance to turn base and at that moment we received a Master Caution and a Flight Control light. Looking up at the Flight Control panel we noticed the Yaw Damper light was illuminated and the Yaw Damper switch was off.The Captain noticed that the yoke was displaced a large degree to the left; and at that moment I looked at the flap gauge and noticed that we had a split flap condition which was likely the cause of all this. The right flap was almost at zero and the left flap was a little less than 1. The aircraft seemed to be struggling with the turn on the autopilot; so I took control manually; but left the autothrottle on. I knew this was against normal procedure but thought it was the best way to manage the situation and the Captain agreed. She got out the QRH while I talked to ATC to arrange for somewhere to hold while we worked the problem. There was some initial confusion as to which checklist to use as there are many that seem to cover issues with the flaps. We ended up running the Trailing Edge Flap Asymmetry Checklist which quickly led us to the Trailing Edge Flaps Up Landing Checklist.This checklist was mostly uneventful; however; the Captain was having some trouble getting the [weight and balance system] to work. She was ready to call Dispatch and have them run the numbers for Flaps Up when I suggested that we switch duties. I felt comfortable with the [weight and balance system] and it would allow me to rest after about 30 plus minutes of hand flying in the hold. I was able to get the [performance] data from the EFB and entered it; and I ran the deferred items and the remainder of the checklist. She flew the aircraft to a landing on Runway XX. After landing we ran the Brake Cooling Module; which again took some time even on the LTE network through cellular. The 30-minute wait time from the Brake Cooling Module was reduced to about 20 after we relayed the Fire Departments thermal imaging reported temperatures to Dispatch and Maintenance through Radio 2 and they agreed.You won't be able to prevent mechanical issues from occurring. The checklists worked as advertised as we were eventually able to get on the correct one. However; the [weight and balance system] through the WiFi needs to be looked at. For one; it seems ACARS is never there when you need it anymore. I don't remember this being such a problem my first [few] years here; however; since we have gone to [the new weight and balance calculating system] it seems that the occurrence of ACARS NO COMM has skyrocketed. I am not implying that the two are related; just that my observance of ACARS issues is now more attuned to that since it is now the primary way to get our TO and Landing Data. When you combo this with our very poor WiFi service it seems that this is asking for trouble. In this situation we had plenty of gas to hold and fix our problems but we were supposed to land with a bit more than the minimum so we had time. Other flights may not and will need quicker answers through ACARS or WiFi.,Mixed,Night,Month_01,Winter,Medium,6_to_10,No,No,No,No,No,No,No,No,No,No
1608453,2019,0,As you know; [Company] now wants pilots to conduct Autoland approaches for aircraft currency vs the previous protocol where maintenance could restore the currency. My safety concern is that most approaches we fly are in weather above 800/2. Of course; there is an FOM paragraph that address this. The paragraph notes that we must notify tower so they may protect the critical area. As [we] know; at busy airports; the critical area cannot and will not be protected. As required; ATC will notify us of the unprotected area. The FOM goes on to say that while an autoland is authorized with an unprotected area; that LOC/GS beam bending may result in the possibility of a runway excursion. So [company] recognizes the possibility of a runway excursion with an unprotected critical area autoland; yet tell us to go ahead and chance it anyway. That's just plain old crazy. [Instances of this procedure causing this type of problem have already occurred.] If the logic break noted in the previous paragraph does not change [Company's] mind on this procedure; I'd hope the [aforementioned incident] causes an immediate change in [Company] procedures.,Missing,Missing,Month_01,Winter,Missing,Missing,No,No,No,No,No,No,No,No,No,No
1608460,2019,0,[We were] cleared into DEN on the ZPLYN3 Arrival. The active modes were LNAV/VNAV. The crew was expecting and briefed RNAV Z 16L which was installed. At approximately 10-11000 FT; the crew was cleared for RNAV Z 17R. The R/W; approach with QWIKE transition; and arrival were installed. The arc turn beginning at STAAM was present and visible on the ND. As fix QWIKE was captured; the turn fix STAAM was no longer on the ND or fix page and new active waypoint became ROOOL (a fix on the arrival but not on the approach). Still in LNAV; the aircraft was proceeding to ROOOL even though the procedure arc was still present. The aircraft did not turn at STAAM. The Captain (Pilot Monitoring [PM]) directed the First Officer (Pilot Flying [PF]) to start the turnout of LNAV which he did in Heading Select. The Captain re-installed the approach with the goal of re-engaging LNAV. During this; the First Officer was flying the aircraft on [HDG] SEL back onto the arc which had remained visible during the entire event. Approach radioed the first correction call at the exact time the crew had started the [HDG] SEL turn having recognized the turn had not commenced. PM reported [we were] in a turn. A second ATC radio call was made despite the response which was again answered. At this point Approach canceled approach clearance and directed [us] to turn right 340 degrees and descend to 8000 FT. Once again the crew responded in compliance but ATC repeated the instructions. PM responded again. A third ATC radio call instructed [us] to turn left 260 degrees and descend to 7000 FT and cleared for visual approach. For the third time; PM responded however the radio call was repeated and acknowledged. [We were] switched to Tower and cleared to land and taxi to gate with no radio problems. On debriefing; the crew discussed the re-emerging of STAR fix ROOOL as the active fix after QWIKE capture. We discussed the possibility of the aircraft not turning because the jet had an un-modifiable active waypoint (ROOOL) at the moment the new approach was selected and activated. Approach requested to be contacted. The Captain spoke with Supervisor to discuss the event. [Supervisor] advised that DEN was having '2 to 3 deviations daily' on the Z RNAV Approaches. They were filling out internal deviation reports and debriefing with the crews. He asked for input on possible causes. The Captain mentioned the described navigation anomaly; the late approach clearance (just outside QWIKE) along with possible controller Comm problems (three separate repeated and acknowledged controller instructions) as potential causal factors. Crew recommends simulator re-enactment to investigate LNAV functionality with regards to RNAV Z 17R being activated at the critical point of just outside IAF capture.,VMC,Missing,Month_01,Winter,Missing,Missing,No,No,No,No,No,No,No,No,No,No
1608497,2019,0,During the RNAV visual approach to XXR Aircraft X had a jammed control wheel (aileron) specifically no left roll at approx 600 AGL shortly after disconnecting the autopilot; while rolling out of the turn to final. I was flying at the time of the malfunction. I brought it to the attention of [the] Captain; and we exchanged control to find that his left ailerons were also jammed. Captain quickly and verbally performed the memory item with confirmation and disconnected the aileron. We then determined that the right side controls had roll authority; while the Captain was helping on the elevator in case of any other issues. Together we continued a stable approach to landing in the touchdown zone and on centerline. Maintenance at ZZZ found a flashlight left in the forward Electronics bay and speculated that to be the cause of the jam.,VMC,Daylight,Month_01,Winter,Missing,Missing,No,No,No,No,No,No,No,No,No,No
1608571,2019,1,Final landing of the flight was to be made with [pilot receiving instruction] flying the aircraft; previous approach to same runway resulted in a go-around due to low airspeed; and high flare. During approach to the incident landing pilot was at a better altitude however slow on airspeed. Pilot touched down at the stall horn; and immediately pulled the control back over rotating; resulting in an audible scrapping sound with aircraft on the runway center line in a nose up attitude. During the entire approach my hands were in a defensive position; right hand open in my lap ready to catch the yoke coming back; left hand resting on my knee to catch the yoke going forward. Pilot's rotation was quicker than expected; resulting in the tail striking the ground before I was able to catch the yoke.I believe there is little I could have done to prevent this incident from occurring. A stabilized approach to landing should have been required; or go-around executed. At no time did I believe that the landing was unsafe; and being a training flight (last lesson before stage 1 check) I felt it necessary for the student to see how the resultant landing would be or make the decision on their own to execute a go-around.,VMC,Daylight,Month_01,Winter,Missing,Missing,No,No,No,No,No,No,No,No,No,No
